iteration,current_distance,best_distance,route
0,879.3912015381211,879.3912015381211,City_15 -> City_16 -> City_20 -> City_5 -> City_11 -> City_10 -> City_7 -> City_2 -> City_4 -> City_6 -> City_18 -> City_17 -> City_12 -> City_1 -> City_8 -> City_3 -> City_19 -> City_14 -> City_9 -> City_13
5,683.476700190336,683.476700190336,City_2 -> City_13 -> City_1 -> City_11 -> City_19 -> City_3 -> City_6 -> City_17 -> City_4 -> City_8 -> City_10 -> City_12 -> City_14 -> City_9 -> City_20 -> City_18 -> City_5 -> City_7 -> City_15 -> City_16
10,593.0788709259992,593.0788709259992,City_20 -> City_13 -> City_2 -> City_18 -> City_1 -> City_6 -> City_17 -> City_4 -> City_8 -> City_3 -> City_19 -> City_5 -> City_9 -> City_10 -> City_12 -> City_14 -> City_16 -> City_15 -> City_11 -> City_7
15,557.8928589043735,557.8928589043735,City_20 -> City_5 -> City_2 -> City_18 -> City_1 -> City_6 -> City_17 -> City_4 -> City_8 -> City_3 -> City_19 -> City_13 -> City_9 -> City_10 -> City_12 -> City_14 -> City_16 -> City_11 -> City_15 -> City_7
20,519.0652593398542,519.0652593398542,City_20 -> City_2 -> City_18 -> City_5 -> City_1 -> City_6 -> City_17 -> City_4 -> City_13 -> City_8 -> City_3 -> City_19 -> City_9 -> City_10 -> City_12 -> City_14 -> City_16 -> City_11 -> City_15 -> City_7
25,499.53975797631153,499.53975797631153,City_20 -> City_2 -> City_18 -> City_5 -> City_1 -> City_6 -> City_17 -> City_4 -> City_13 -> City_8 -> City_3 -> City_19 -> City_10 -> City_9 -> City_12 -> City_14 -> City_16 -> City_11 -> City_15 -> City_7
30,499.53975797631153,499.53975797631153,City_20 -> City_2 -> City_18 -> City_5 -> City_1 -> City_6 -> City_17 -> City_4 -> City_13 -> City_8 -> City_3 -> City_19 -> City_10 -> City_9 -> City_12 -> City_14 -> City_16 -> City_11 -> City_15 -> City_7
35,499.53975797631153,499.53975797631153,City_20 -> City_2 -> City_18 -> City_5 -> City_1 -> City_6 -> City_17 -> City_4 -> City_13 -> City_8 -> City_3 -> City_19 -> City_10 -> City_9 -> City_12 -> City_14 -> City_16 -> City_11 -> City_15 -> City_7
40,499.53975797631153,499.53975797631153,City_20 -> City_2 -> City_18 -> City_5 -> City_1 -> City_6 -> City_17 -> City_4 -> City_13 -> City_8 -> City_3 -> City_19 -> City_10 -> City_9 -> City_12 -> City_14 -> City_16 -> City_11 -> City_15 -> City_7
45,499.53975797631153,499.53975797631153,City_20 -> City_2 -> City_18 -> City_5 -> City_1 -> City_6 -> City_17 -> City_4 -> City_13 -> City_8 -> City_3 -> City_19 -> City_10 -> City_9 -> City_12 -> City_14 -> City_16 -> City_11 -> City_15 -> City_7
50,469.62322867582304,469.62322867582304,City_20 -> City_2 -> City_18 -> City_5 -> City_1 -> City_6 -> City_17 -> City_4 -> City_13 -> City_8 -> City_3 -> City_19 -> City_14 -> City_9 -> City_12 -> City_10 -> City_16 -> City_11 -> City_15 -> City_7
55,469.62322867582304,469.62322867582304,City_20 -> City_2 -> City_18 -> City_5 -> City_1 -> City_6 -> City_17 -> City_4 -> City_13 -> City_8 -> City_3 -> City_19 -> City_14 -> City_9 -> City_12 -> City_10 -> City_16 -> City_11 -> City_15 -> City_7
60,469.62322867582304,469.62322867582304,City_20 -> City_2 -> City_18 -> City_5 -> City_1 -> City_6 -> City_17 -> City_4 -> City_13 -> City_8 -> City_3 -> City_19 -> City_14 -> City_9 -> City_12 -> City_10 -> City_16 -> City_11 -> City_15 -> City_7
65,469.62322867582304,469.62322867582304,City_20 -> City_2 -> City_18 -> City_5 -> City_1 -> City_6 -> City_17 -> City_4 -> City_13 -> City_8 -> City_3 -> City_19 -> City_14 -> City_9 -> City_12 -> City_10 -> City_16 -> City_11 -> City_15 -> City_7
70,469.62322867582304,469.62322867582304,City_20 -> City_2 -> City_18 -> City_5 -> City_1 -> City_6 -> City_17 -> City_4 -> City_13 -> City_8 -> City_3 -> City_19 -> City_14 -> City_9 -> City_12 -> City_10 -> City_16 -> City_11 -> City_15 -> City_7
75,469.62322867582304,469.62322867582304,City_20 -> City_2 -> City_18 -> City_5 -> City_1 -> City_6 -> City_17 -> City_4 -> City_13 -> City_8 -> City_3 -> City_19 -> City_14 -> City_9 -> City_12 -> City_10 -> City_16 -> City_11 -> City_15 -> City_7
80,469.62322867582304,469.62322867582304,City_20 -> City_2 -> City_18 -> City_5 -> City_1 -> City_6 -> City_17 -> City_4 -> City_13 -> City_8 -> City_3 -> City_19 -> City_14 -> City_9 -> City_12 -> City_10 -> City_16 -> City_11 -> City_15 -> City_7
85,469.62322867582304,469.62322867582304,City_20 -> City_2 -> City_18 -> City_5 -> City_1 -> City_6 -> City_17 -> City_4 -> City_13 -> City_8 -> City_3 -> City_19 -> City_14 -> City_9 -> City_12 -> City_10 -> City_16 -> City_11 -> City_15 -> City_7
90,469.62322867582304,469.62322867582304,City_20 -> City_2 -> City_18 -> City_5 -> City_1 -> City_6 -> City_17 -> City_4 -> City_13 -> City_8 -> City_3 -> City_19 -> City_14 -> City_9 -> City_12 -> City_10 -> City_16 -> City_11 -> City_15 -> City_7
95,469.62322867582304,469.62322867582304,City_20 -> City_2 -> City_18 -> City_5 -> City_1 -> City_6 -> City_17 -> City_4 -> City_13 -> City_8 -> City_3 -> City_19 -> City_14 -> City_9 -> City_12 -> City_10 -> City_16 -> City_11 -> City_15 -> City_7
100,469.62322867582304,469.62322867582304,City_20 -> City_2 -> City_18 -> City_5 -> City_1 -> City_6 -> City_17 -> City_4 -> City_13 -> City_8 -> City_3 -> City_19 -> City_14 -> City_9 -> City_12 -> City_10 -> City_16 -> City_11 -> City_15 -> City_7
105,469.62322867582304,469.62322867582304,City_20 -> City_2 -> City_18 -> City_5 -> City_1 -> City_6 -> City_17 -> City_4 -> City_13 -> City_8 -> City_3 -> City_19 -> City_14 -> City_9 -> City_12 -> City_10 -> City_16 -> City_11 -> City_15 -> City_7
110,469.62322867582304,469.62322867582304,City_20 -> City_2 -> City_18 -> City_5 -> City_1 -> City_6 -> City_17 -> City_4 -> City_13 -> City_8 -> City_3 -> City_19 -> City_14 -> City_9 -> City_12 -> City_10 -> City_16 -> City_11 -> City_15 -> City_7
115,469.62322867582304,469.62322867582304,City_20 -> City_2 -> City_18 -> City_5 -> City_1 -> City_6 -> City_17 -> City_4 -> City_13 -> City_8 -> City_3 -> City_19 -> City_14 -> City_9 -> City_12 -> City_10 -> City_16 -> City_11 -> City_15 -> City_7
120,469.62322867582304,469.62322867582304,City_20 -> City_2 -> City_18 -> City_5 -> City_1 -> City_6 -> City_17 -> City_4 -> City_13 -> City_8 -> City_3 -> City_19 -> City_14 -> City_9 -> City_12 -> City_10 -> City_16 -> City_11 -> City_15 -> City_7
125,469.62322867582304,469.62322867582304,City_20 -> City_2 -> City_18 -> City_5 -> City_1 -> City_6 -> City_17 -> City_4 -> City_13 -> City_8 -> City_3 -> City_19 -> City_14 -> City_9 -> City_12 -> City_10 -> City_16 -> City_11 -> City_15 -> City_7
130,469.62322867582304,469.62322867582304,City_20 -> City_2 -> City_18 -> City_5 -> City_1 -> City_6 -> City_17 -> City_4 -> City_13 -> City_8 -> City_3 -> City_19 -> City_14 -> City_9 -> City_12 -> City_10 -> City_16 -> City_11 -> City_15 -> City_7
135,469.62322867582304,469.62322867582304,City_20 -> City_2 -> City_18 -> City_5 -> City_1 -> City_6 -> City_17 -> City_4 -> City_13 -> City_8 -> City_3 -> City_19 -> City_14 -> City_9 -> City_12 -> City_10 -> City_16 -> City_11 -> City_15 -> City_7
140,469.62322867582304,469.62322867582304,City_20 -> City_2 -> City_18 -> City_5 -> City_1 -> City_6 -> City_17 -> City_4 -> City_13 -> City_8 -> City_3 -> City_19 -> City_14 -> City_9 -> City_12 -> City_10 -> City_16 -> City_11 -> City_15 -> City_7
145,469.62322867582304,469.62322867582304,City_20 -> City_2 -> City_18 -> City_5 -> City_1 -> City_6 -> City_17 -> City_4 -> City_13 -> City_8 -> City_3 -> City_19 -> City_14 -> City_9 -> City_12 -> City_10 -> City_16 -> City_11 -> City_15 -> City_7
150,469.62322867582304,469.62322867582304,City_20 -> City_2 -> City_18 -> City_5 -> City_1 -> City_6 -> City_17 -> City_4 -> City_13 -> City_8 -> City_3 -> City_19 -> City_14 -> City_9 -> City_12 -> City_10 -> City_16 -> City_11 -> City_15 -> City_7
155,469.62322867582304,469.62322867582304,City_20 -> City_2 -> City_18 -> City_5 -> City_1 -> City_6 -> City_17 -> City_4 -> City_13 -> City_8 -> City_3 -> City_19 -> City_14 -> City_9 -> City_12 -> City_10 -> City_16 -> City_11 -> City_15 -> City_7
160,469.62322867582304,469.62322867582304,City_20 -> City_2 -> City_18 -> City_5 -> City_1 -> City_6 -> City_17 -> City_4 -> City_13 -> City_8 -> City_3 -> City_19 -> City_14 -> City_9 -> City_12 -> City_10 -> City_16 -> City_11 -> City_15 -> City_7
165,469.62322867582304,469.62322867582304,City_20 -> City_2 -> City_18 -> City_5 -> City_1 -> City_6 -> City_17 -> City_4 -> City_13 -> City_8 -> City_3 -> City_19 -> City_14 -> City_9 -> City_12 -> City_10 -> City_16 -> City_11 -> City_15 -> City_7
170,469.62322867582304,469.62322867582304,City_20 -> City_2 -> City_18 -> City_5 -> City_1 -> City_6 -> City_17 -> City_4 -> City_13 -> City_8 -> City_3 -> City_19 -> City_14 -> City_9 -> City_12 -> City_10 -> City_16 -> City_11 -> City_15 -> City_7
175,469.62322867582304,469.62322867582304,City_20 -> City_2 -> City_18 -> City_5 -> City_1 -> City_6 -> City_17 -> City_4 -> City_13 -> City_8 -> City_3 -> City_19 -> City_14 -> City_9 -> City_12 -> City_10 -> City_16 -> City_11 -> City_15 -> City_7
180,469.62322867582304,469.62322867582304,City_20 -> City_2 -> City_18 -> City_5 -> City_1 -> City_6 -> City_17 -> City_4 -> City_13 -> City_8 -> City_3 -> City_19 -> City_14 -> City_9 -> City_12 -> City_10 -> City_16 -> City_11 -> City_15 -> City_7
185,469.62322867582304,469.62322867582304,City_20 -> City_2 -> City_18 -> City_5 -> City_1 -> City_6 -> City_17 -> City_4 -> City_13 -> City_8 -> City_3 -> City_19 -> City_14 -> City_9 -> City_12 -> City_10 -> City_16 -> City_11 -> City_15 -> City_7
190,469.62322867582304,469.62322867582304,City_20 -> City_2 -> City_18 -> City_5 -> City_1 -> City_6 -> City_17 -> City_4 -> City_13 -> City_8 -> City_3 -> City_19 -> City_14 -> City_9 -> City_12 -> City_10 -> City_16 -> City_11 -> City_15 -> City_7
195,469.62322867582304,469.62322867582304,City_20 -> City_2 -> City_18 -> City_5 -> City_1 -> City_6 -> City_17 -> City_4 -> City_13 -> City_8 -> City_3 -> City_19 -> City_14 -> City_9 -> City_12 -> City_10 -> City_16 -> City_11 -> City_15 -> City_7
200,469.62322867582304,469.62322867582304,City_20 -> City_2 -> City_18 -> City_5 -> City_1 -> City_6 -> City_17 -> City_4 -> City_13 -> City_8 -> City_3 -> City_19 -> City_14 -> City_9 -> City_12 -> City_10 -> City_16 -> City_11 -> City_15 -> City_7
205,469.62322867582304,469.62322867582304,City_20 -> City_2 -> City_18 -> City_5 -> City_1 -> City_6 -> City_17 -> City_4 -> City_13 -> City_8 -> City_3 -> City_19 -> City_14 -> City_9 -> City_12 -> City_10 -> City_16 -> City_11 -> City_15 -> City_7
210,469.62322867582304,469.62322867582304,City_20 -> City_2 -> City_18 -> City_5 -> City_1 -> City_6 -> City_17 -> City_4 -> City_13 -> City_8 -> City_3 -> City_19 -> City_14 -> City_9 -> City_12 -> City_10 -> City_16 -> City_11 -> City_15 -> City_7
215,469.62322867582304,469.62322867582304,City_20 -> City_2 -> City_18 -> City_5 -> City_1 -> City_6 -> City_17 -> City_4 -> City_13 -> City_8 -> City_3 -> City_19 -> City_14 -> City_9 -> City_12 -> City_10 -> City_16 -> City_11 -> City_15 -> City_7
220,467.8551601096433,467.8551601096433,City_20 -> City_2 -> City_18 -> City_5 -> City_1 -> City_17 -> City_6 -> City_4 -> City_13 -> City_8 -> City_3 -> City_19 -> City_14 -> City_9 -> City_12 -> City_10 -> City_16 -> City_11 -> City_15 -> City_7
225,462.2958204991451,462.2958204991451,City_20 -> City_2 -> City_18 -> City_5 -> City_1 -> City_17 -> City_6 -> City_4 -> City_13 -> City_19 -> City_3 -> City_8 -> City_14 -> City_9 -> City_12 -> City_10 -> City_16 -> City_11 -> City_15 -> City_7
230,462.2958204991451,462.2958204991451,City_20 -> City_2 -> City_18 -> City_5 -> City_1 -> City_17 -> City_6 -> City_4 -> City_13 -> City_19 -> City_3 -> City_8 -> City_14 -> City_9 -> City_12 -> City_10 -> City_16 -> City_11 -> City_15 -> City_7
235,462.2958204991451,462.2958204991451,City_20 -> City_2 -> City_18 -> City_5 -> City_1 -> City_17 -> City_6 -> City_4 -> City_13 -> City_19 -> City_3 -> City_8 -> City_14 -> City_9 -> City_12 -> City_10 -> City_16 -> City_11 -> City_15 -> City_7
240,462.2958204991451,462.2958204991451,City_20 -> City_2 -> City_18 -> City_5 -> City_1 -> City_17 -> City_6 -> City_4 -> City_13 -> City_19 -> City_3 -> City_8 -> City_14 -> City_9 -> City_12 -> City_10 -> City_16 -> City_11 -> City_15 -> City_7
245,462.2958204991451,462.2958204991451,City_20 -> City_2 -> City_18 -> City_5 -> City_1 -> City_17 -> City_6 -> City_4 -> City_13 -> City_19 -> City_3 -> City_8 -> City_14 -> City_9 -> City_12 -> City_10 -> City_16 -> City_11 -> City_15 -> City_7
250,462.2958204991451,462.2958204991451,City_20 -> City_2 -> City_18 -> City_5 -> City_1 -> City_17 -> City_6 -> City_4 -> City_13 -> City_19 -> City_3 -> City_8 -> City_14 -> City_9 -> City_12 -> City_10 -> City_16 -> City_11 -> City_15 -> City_7
255,462.2958204991451,462.2958204991451,City_20 -> City_2 -> City_18 -> City_5 -> City_1 -> City_17 -> City_6 -> City_4 -> City_13 -> City_19 -> City_3 -> City_8 -> City_14 -> City_9 -> City_12 -> City_10 -> City_16 -> City_11 -> City_15 -> City_7
260,462.2958204991451,462.2958204991451,City_20 -> City_2 -> City_18 -> City_5 -> City_1 -> City_17 -> City_6 -> City_4 -> City_13 -> City_19 -> City_3 -> City_8 -> City_14 -> City_9 -> City_12 -> City_10 -> City_16 -> City_11 -> City_15 -> City_7
265,462.2958204991451,462.2958204991451,City_20 -> City_2 -> City_18 -> City_5 -> City_1 -> City_17 -> City_6 -> City_4 -> City_13 -> City_19 -> City_3 -> City_8 -> City_14 -> City_9 -> City_12 -> City_10 -> City_16 -> City_11 -> City_15 -> City_7
270,462.2958204991451,462.2958204991451,City_20 -> City_2 -> City_18 -> City_5 -> City_1 -> City_17 -> City_6 -> City_4 -> City_13 -> City_19 -> City_3 -> City_8 -> City_14 -> City_9 -> City_12 -> City_10 -> City_16 -> City_11 -> City_15 -> City_7
275,462.2958204991451,462.2958204991451,City_20 -> City_2 -> City_18 -> City_5 -> City_1 -> City_17 -> City_6 -> City_4 -> City_13 -> City_19 -> City_3 -> City_8 -> City_14 -> City_9 -> City_12 -> City_10 -> City_16 -> City_11 -> City_15 -> City_7
280,462.2958204991451,462.2958204991451,City_20 -> City_2 -> City_18 -> City_5 -> City_1 -> City_17 -> City_6 -> City_4 -> City_13 -> City_19 -> City_3 -> City_8 -> City_14 -> City_9 -> City_12 -> City_10 -> City_16 -> City_11 -> City_15 -> City_7
285,462.2958204991451,462.2958204991451,City_20 -> City_2 -> City_18 -> City_5 -> City_1 -> City_17 -> City_6 -> City_4 -> City_13 -> City_19 -> City_3 -> City_8 -> City_14 -> City_9 -> City_12 -> City_10 -> City_16 -> City_11 -> City_15 -> City_7
290,462.2958204991451,462.2958204991451,City_20 -> City_2 -> City_18 -> City_5 -> City_1 -> City_17 -> City_6 -> City_4 -> City_13 -> City_19 -> City_3 -> City_8 -> City_14 -> City_9 -> City_12 -> City_10 -> City_16 -> City_11 -> City_15 -> City_7
295,462.2958204991451,462.2958204991451,City_20 -> City_2 -> City_18 -> City_5 -> City_1 -> City_17 -> City_6 -> City_4 -> City_13 -> City_19 -> City_3 -> City_8 -> City_14 -> City_9 -> City_12 -> City_10 -> City_16 -> City_11 -> City_15 -> City_7
300,462.2958204991451,462.2958204991451,City_20 -> City_2 -> City_18 -> City_5 -> City_1 -> City_17 -> City_6 -> City_4 -> City_13 -> City_19 -> City_3 -> City_8 -> City_14 -> City_9 -> City_12 -> City_10 -> City_16 -> City_11 -> City_15 -> City_7
305,462.2958204991451,462.2958204991451,City_20 -> City_2 -> City_18 -> City_5 -> City_1 -> City_17 -> City_6 -> City_4 -> City_13 -> City_19 -> City_3 -> City_8 -> City_14 -> City_9 -> City_12 -> City_10 -> City_16 -> City_11 -> City_15 -> City_7
310,462.2958204991451,462.2958204991451,City_20 -> City_2 -> City_18 -> City_5 -> City_1 -> City_17 -> City_6 -> City_4 -> City_13 -> City_19 -> City_3 -> City_8 -> City_14 -> City_9 -> City_12 -> City_10 -> City_16 -> City_11 -> City_15 -> City_7
315,462.2958204991451,462.2958204991451,City_20 -> City_2 -> City_18 -> City_5 -> City_1 -> City_17 -> City_6 -> City_4 -> City_13 -> City_19 -> City_3 -> City_8 -> City_14 -> City_9 -> City_12 -> City_10 -> City_16 -> City_11 -> City_15 -> City_7
320,462.2958204991451,462.2958204991451,City_20 -> City_2 -> City_18 -> City_5 -> City_1 -> City_17 -> City_6 -> City_4 -> City_13 -> City_19 -> City_3 -> City_8 -> City_14 -> City_9 -> City_12 -> City_10 -> City_16 -> City_11 -> City_15 -> City_7
325,462.2958204991451,462.2958204991451,City_20 -> City_2 -> City_18 -> City_5 -> City_1 -> City_17 -> City_6 -> City_4 -> City_13 -> City_19 -> City_3 -> City_8 -> City_14 -> City_9 -> City_12 -> City_10 -> City_16 -> City_11 -> City_15 -> City_7
330,462.2958204991451,462.2958204991451,City_20 -> City_2 -> City_18 -> City_5 -> City_1 -> City_17 -> City_6 -> City_4 -> City_13 -> City_19 -> City_3 -> City_8 -> City_14 -> City_9 -> City_12 -> City_10 -> City_16 -> City_11 -> City_15 -> City_7
335,462.2958204991451,462.2958204991451,City_20 -> City_2 -> City_18 -> City_5 -> City_1 -> City_17 -> City_6 -> City_4 -> City_13 -> City_19 -> City_3 -> City_8 -> City_14 -> City_9 -> City_12 -> City_10 -> City_16 -> City_11 -> City_15 -> City_7
340,462.2958204991451,462.2958204991451,City_20 -> City_2 -> City_18 -> City_5 -> City_1 -> City_17 -> City_6 -> City_4 -> City_13 -> City_19 -> City_3 -> City_8 -> City_14 -> City_9 -> City_12 -> City_10 -> City_16 -> City_11 -> City_15 -> City_7
345,462.2958204991451,462.2958204991451,City_20 -> City_2 -> City_18 -> City_5 -> City_1 -> City_17 -> City_6 -> City_4 -> City_13 -> City_19 -> City_3 -> City_8 -> City_14 -> City_9 -> City_12 -> City_10 -> City_16 -> City_11 -> City_15 -> City_7
350,462.2958204991451,462.2958204991451,City_20 -> City_2 -> City_18 -> City_5 -> City_1 -> City_17 -> City_6 -> City_4 -> City_13 -> City_19 -> City_3 -> City_8 -> City_14 -> City_9 -> City_12 -> City_10 -> City_16 -> City_11 -> City_15 -> City_7
355,462.2958204991451,462.2958204991451,City_20 -> City_2 -> City_18 -> City_5 -> City_1 -> City_17 -> City_6 -> City_4 -> City_13 -> City_19 -> City_3 -> City_8 -> City_14 -> City_9 -> City_12 -> City_10 -> City_16 -> City_11 -> City_15 -> City_7
360,462.2958204991451,462.2958204991451,City_20 -> City_2 -> City_18 -> City_5 -> City_1 -> City_17 -> City_6 -> City_4 -> City_13 -> City_19 -> City_3 -> City_8 -> City_14 -> City_9 -> City_12 -> City_10 -> City_16 -> City_11 -> City_15 -> City_7
365,462.2958204991451,462.2958204991451,City_20 -> City_2 -> City_18 -> City_5 -> City_1 -> City_17 -> City_6 -> City_4 -> City_13 -> City_19 -> City_3 -> City_8 -> City_14 -> City_9 -> City_12 -> City_10 -> City_16 -> City_11 -> City_15 -> City_7
370,462.2958204991451,462.2958204991451,City_20 -> City_2 -> City_18 -> City_5 -> City_1 -> City_17 -> City_6 -> City_4 -> City_13 -> City_19 -> City_3 -> City_8 -> City_14 -> City_9 -> City_12 -> City_10 -> City_16 -> City_11 -> City_15 -> City_7
375,462.2958204991451,462.2958204991451,City_20 -> City_2 -> City_18 -> City_5 -> City_1 -> City_17 -> City_6 -> City_4 -> City_13 -> City_19 -> City_3 -> City_8 -> City_14 -> City_9 -> City_12 -> City_10 -> City_16 -> City_11 -> City_15 -> City_7
380,462.2958204991451,462.2958204991451,City_20 -> City_2 -> City_18 -> City_5 -> City_1 -> City_17 -> City_6 -> City_4 -> City_13 -> City_19 -> City_3 -> City_8 -> City_14 -> City_9 -> City_12 -> City_10 -> City_16 -> City_11 -> City_15 -> City_7
385,462.2958204991451,462.2958204991451,City_20 -> City_2 -> City_18 -> City_5 -> City_1 -> City_17 -> City_6 -> City_4 -> City_13 -> City_19 -> City_3 -> City_8 -> City_14 -> City_9 -> City_12 -> City_10 -> City_16 -> City_11 -> City_15 -> City_7
390,462.2958204991451,462.2958204991451,City_20 -> City_2 -> City_18 -> City_5 -> City_1 -> City_17 -> City_6 -> City_4 -> City_13 -> City_19 -> City_3 -> City_8 -> City_14 -> City_9 -> City_12 -> City_10 -> City_16 -> City_11 -> City_15 -> City_7
395,462.2958204991451,462.2958204991451,City_20 -> City_2 -> City_18 -> City_5 -> City_1 -> City_17 -> City_6 -> City_4 -> City_13 -> City_19 -> City_3 -> City_8 -> City_14 -> City_9 -> City_12 -> City_10 -> City_16 -> City_11 -> City_15 -> City_7
400,462.2958204991451,462.2958204991451,City_20 -> City_2 -> City_18 -> City_5 -> City_1 -> City_17 -> City_6 -> City_4 -> City_13 -> City_19 -> City_3 -> City_8 -> City_14 -> City_9 -> City_12 -> City_10 -> City_16 -> City_11 -> City_15 -> City_7
405,462.2958204991451,462.2958204991451,City_20 -> City_2 -> City_18 -> City_5 -> City_1 -> City_17 -> City_6 -> City_4 -> City_13 -> City_19 -> City_3 -> City_8 -> City_14 -> City_9 -> City_12 -> City_10 -> City_16 -> City_11 -> City_15 -> City_7
410,462.2958204991451,462.2958204991451,City_20 -> City_2 -> City_18 -> City_5 -> City_1 -> City_17 -> City_6 -> City_4 -> City_13 -> City_19 -> City_3 -> City_8 -> City_14 -> City_9 -> City_12 -> City_10 -> City_16 -> City_11 -> City_15 -> City_7
415,462.2958204991451,462.2958204991451,City_20 -> City_2 -> City_18 -> City_5 -> City_1 -> City_17 -> City_6 -> City_4 -> City_13 -> City_19 -> City_3 -> City_8 -> City_14 -> City_9 -> City_12 -> City_10 -> City_16 -> City_11 -> City_15 -> City_7
420,462.2958204991451,462.2958204991451,City_20 -> City_2 -> City_18 -> City_5 -> City_1 -> City_17 -> City_6 -> City_4 -> City_13 -> City_19 -> City_3 -> City_8 -> City_14 -> City_9 -> City_12 -> City_10 -> City_16 -> City_11 -> City_15 -> City_7
425,462.2958204991451,462.2958204991451,City_20 -> City_2 -> City_18 -> City_5 -> City_1 -> City_17 -> City_6 -> City_4 -> City_13 -> City_19 -> City_3 -> City_8 -> City_14 -> City_9 -> City_12 -> City_10 -> City_16 -> City_11 -> City_15 -> City_7
430,462.2958204991451,462.2958204991451,City_20 -> City_2 -> City_18 -> City_5 -> City_1 -> City_17 -> City_6 -> City_4 -> City_13 -> City_19 -> City_3 -> City_8 -> City_14 -> City_9 -> City_12 -> City_10 -> City_16 -> City_11 -> City_15 -> City_7
435,462.2958204991451,462.2958204991451,City_20 -> City_2 -> City_18 -> City_5 -> City_1 -> City_17 -> City_6 -> City_4 -> City_13 -> City_19 -> City_3 -> City_8 -> City_14 -> City_9 -> City_12 -> City_10 -> City_16 -> City_11 -> City_15 -> City_7
440,462.2958204991451,462.2958204991451,City_20 -> City_2 -> City_18 -> City_5 -> City_1 -> City_17 -> City_6 -> City_4 -> City_13 -> City_19 -> City_3 -> City_8 -> City_14 -> City_9 -> City_12 -> City_10 -> City_16 -> City_11 -> City_15 -> City_7
445,462.2958204991451,462.2958204991451,City_20 -> City_2 -> City_18 -> City_5 -> City_1 -> City_17 -> City_6 -> City_4 -> City_13 -> City_19 -> City_3 -> City_8 -> City_14 -> City_9 -> City_12 -> City_10 -> City_16 -> City_11 -> City_15 -> City_7
450,462.2958204991451,462.2958204991451,City_20 -> City_2 -> City_18 -> City_5 -> City_1 -> City_17 -> City_6 -> City_4 -> City_13 -> City_19 -> City_3 -> City_8 -> City_14 -> City_9 -> City_12 -> City_10 -> City_16 -> City_11 -> City_15 -> City_7
455,462.2958204991451,462.2958204991451,City_20 -> City_2 -> City_18 -> City_5 -> City_1 -> City_17 -> City_6 -> City_4 -> City_13 -> City_19 -> City_3 -> City_8 -> City_14 -> City_9 -> City_12 -> City_10 -> City_16 -> City_11 -> City_15 -> City_7
460,462.2958204991451,462.2958204991451,City_20 -> City_2 -> City_18 -> City_5 -> City_1 -> City_17 -> City_6 -> City_4 -> City_13 -> City_19 -> City_3 -> City_8 -> City_14 -> City_9 -> City_12 -> City_10 -> City_16 -> City_11 -> City_15 -> City_7
465,462.2958204991451,462.2958204991451,City_20 -> City_2 -> City_18 -> City_5 -> City_1 -> City_17 -> City_6 -> City_4 -> City_13 -> City_19 -> City_3 -> City_8 -> City_14 -> City_9 -> City_12 -> City_10 -> City_16 -> City_11 -> City_15 -> City_7
470,462.2958204991451,462.2958204991451,City_20 -> City_2 -> City_18 -> City_5 -> City_1 -> City_17 -> City_6 -> City_4 -> City_13 -> City_19 -> City_3 -> City_8 -> City_14 -> City_9 -> City_12 -> City_10 -> City_16 -> City_11 -> City_15 -> City_7
475,462.2958204991451,462.2958204991451,City_20 -> City_2 -> City_18 -> City_5 -> City_1 -> City_17 -> City_6 -> City_4 -> City_13 -> City_19 -> City_3 -> City_8 -> City_14 -> City_9 -> City_12 -> City_10 -> City_16 -> City_11 -> City_15 -> City_7
480,462.2958204991451,462.2958204991451,City_20 -> City_2 -> City_18 -> City_5 -> City_1 -> City_17 -> City_6 -> City_4 -> City_13 -> City_19 -> City_3 -> City_8 -> City_14 -> City_9 -> City_12 -> City_10 -> City_16 -> City_11 -> City_15 -> City_7
485,462.2958204991451,462.2958204991451,City_20 -> City_2 -> City_18 -> City_5 -> City_1 -> City_17 -> City_6 -> City_4 -> City_13 -> City_19 -> City_3 -> City_8 -> City_14 -> City_9 -> City_12 -> City_10 -> City_16 -> City_11 -> City_15 -> City_7
490,462.2958204991451,462.2958204991451,City_20 -> City_2 -> City_18 -> City_5 -> City_1 -> City_17 -> City_6 -> City_4 -> City_13 -> City_19 -> City_3 -> City_8 -> City_14 -> City_9 -> City_12 -> City_10 -> City_16 -> City_11 -> City_15 -> City_7
495,462.2958204991451,462.2958204991451,City_20 -> City_2 -> City_18 -> City_5 -> City_1 -> City_17 -> City_6 -> City_4 -> City_13 -> City_19 -> City_3 -> City_8 -> City_14 -> City_9 -> City_12 -> City_10 -> City_16 -> City_11 -> City_15 -> City_7
500,462.2958204991451,462.2958204991451,City_20 -> City_2 -> City_18 -> City_5 -> City_1 -> City_17 -> City_6 -> City_4 -> City_13 -> City_19 -> City_3 -> City_8 -> City_14 -> City_9 -> City_12 -> City_10 -> City_16 -> City_11 -> City_15 -> City_7
505,462.2958204991451,462.2958204991451,City_20 -> City_2 -> City_18 -> City_5 -> City_1 -> City_17 -> City_6 -> City_4 -> City_13 -> City_19 -> City_3 -> City_8 -> City_14 -> City_9 -> City_12 -> City_10 -> City_16 -> City_11 -> City_15 -> City_7
510,462.2958204991451,462.2958204991451,City_20 -> City_2 -> City_18 -> City_5 -> City_1 -> City_17 -> City_6 -> City_4 -> City_13 -> City_19 -> City_3 -> City_8 -> City_14 -> City_9 -> City_12 -> City_10 -> City_16 -> City_11 -> City_15 -> City_7
515,462.2958204991451,462.2958204991451,City_20 -> City_2 -> City_18 -> City_5 -> City_1 -> City_17 -> City_6 -> City_4 -> City_13 -> City_19 -> City_3 -> City_8 -> City_14 -> City_9 -> City_12 -> City_10 -> City_16 -> City_11 -> City_15 -> City_7
520,462.2958204991451,462.2958204991451,City_20 -> City_2 -> City_18 -> City_5 -> City_1 -> City_17 -> City_6 -> City_4 -> City_13 -> City_19 -> City_3 -> City_8 -> City_14 -> City_9 -> City_12 -> City_10 -> City_16 -> City_11 -> City_15 -> City_7
525,462.2958204991451,462.2958204991451,City_20 -> City_2 -> City_18 -> City_5 -> City_1 -> City_17 -> City_6 -> City_4 -> City_13 -> City_19 -> City_3 -> City_8 -> City_14 -> City_9 -> City_12 -> City_10 -> City_16 -> City_11 -> City_15 -> City_7
530,462.2958204991451,462.2958204991451,City_20 -> City_2 -> City_18 -> City_5 -> City_1 -> City_17 -> City_6 -> City_4 -> City_13 -> City_19 -> City_3 -> City_8 -> City_14 -> City_9 -> City_12 -> City_10 -> City_16 -> City_11 -> City_15 -> City_7
535,462.2958204991451,462.2958204991451,City_20 -> City_2 -> City_18 -> City_5 -> City_1 -> City_17 -> City_6 -> City_4 -> City_13 -> City_19 -> City_3 -> City_8 -> City_14 -> City_9 -> City_12 -> City_10 -> City_16 -> City_11 -> City_15 -> City_7
540,462.2958204991451,462.2958204991451,City_20 -> City_2 -> City_18 -> City_5 -> City_1 -> City_17 -> City_6 -> City_4 -> City_13 -> City_19 -> City_3 -> City_8 -> City_14 -> City_9 -> City_12 -> City_10 -> City_16 -> City_11 -> City_15 -> City_7
545,462.2958204991451,462.2958204991451,City_20 -> City_2 -> City_18 -> City_5 -> City_1 -> City_17 -> City_6 -> City_4 -> City_13 -> City_19 -> City_3 -> City_8 -> City_14 -> City_9 -> City_12 -> City_10 -> City_16 -> City_11 -> City_15 -> City_7
550,462.2958204991451,462.2958204991451,City_20 -> City_2 -> City_18 -> City_5 -> City_1 -> City_17 -> City_6 -> City_4 -> City_13 -> City_19 -> City_3 -> City_8 -> City_14 -> City_9 -> City_12 -> City_10 -> City_16 -> City_11 -> City_15 -> City_7
555,462.2958204991451,462.2958204991451,City_20 -> City_2 -> City_18 -> City_5 -> City_1 -> City_17 -> City_6 -> City_4 -> City_13 -> City_19 -> City_3 -> City_8 -> City_14 -> City_9 -> City_12 -> City_10 -> City_16 -> City_11 -> City_15 -> City_7
560,462.2958204991451,462.2958204991451,City_20 -> City_2 -> City_18 -> City_5 -> City_1 -> City_17 -> City_6 -> City_4 -> City_13 -> City_19 -> City_3 -> City_8 -> City_14 -> City_9 -> City_12 -> City_10 -> City_16 -> City_11 -> City_15 -> City_7
565,462.2958204991451,462.2958204991451,City_20 -> City_2 -> City_18 -> City_5 -> City_1 -> City_17 -> City_6 -> City_4 -> City_13 -> City_19 -> City_3 -> City_8 -> City_14 -> City_9 -> City_12 -> City_10 -> City_16 -> City_11 -> City_15 -> City_7
570,462.2958204991451,462.2958204991451,City_20 -> City_2 -> City_18 -> City_5 -> City_1 -> City_17 -> City_6 -> City_4 -> City_13 -> City_19 -> City_3 -> City_8 -> City_14 -> City_9 -> City_12 -> City_10 -> City_16 -> City_11 -> City_15 -> City_7
575,462.2958204991451,462.2958204991451,City_20 -> City_2 -> City_18 -> City_5 -> City_1 -> City_17 -> City_6 -> City_4 -> City_13 -> City_19 -> City_3 -> City_8 -> City_14 -> City_9 -> City_12 -> City_10 -> City_16 -> City_11 -> City_15 -> City_7
580,462.2958204991451,462.2958204991451,City_20 -> City_2 -> City_18 -> City_5 -> City_1 -> City_17 -> City_6 -> City_4 -> City_13 -> City_19 -> City_3 -> City_8 -> City_14 -> City_9 -> City_12 -> City_10 -> City_16 -> City_11 -> City_15 -> City_7
585,462.2958204991451,462.2958204991451,City_20 -> City_2 -> City_18 -> City_5 -> City_1 -> City_17 -> City_6 -> City_4 -> City_13 -> City_19 -> City_3 -> City_8 -> City_14 -> City_9 -> City_12 -> City_10 -> City_16 -> City_11 -> City_15 -> City_7
590,462.2958204991451,462.2958204991451,City_20 -> City_2 -> City_18 -> City_5 -> City_1 -> City_17 -> City_6 -> City_4 -> City_13 -> City_19 -> City_3 -> City_8 -> City_14 -> City_9 -> City_12 -> City_10 -> City_16 -> City_11 -> City_15 -> City_7
595,462.2958204991451,462.2958204991451,City_20 -> City_2 -> City_18 -> City_5 -> City_1 -> City_17 -> City_6 -> City_4 -> City_13 -> City_19 -> City_3 -> City_8 -> City_14 -> City_9 -> City_12 -> City_10 -> City_16 -> City_11 -> City_15 -> City_7
600,462.2958204991451,462.2958204991451,City_20 -> City_2 -> City_18 -> City_5 -> City_1 -> City_17 -> City_6 -> City_4 -> City_13 -> City_19 -> City_3 -> City_8 -> City_14 -> City_9 -> City_12 -> City_10 -> City_16 -> City_11 -> City_15 -> City_7
605,462.2958204991451,462.2958204991451,City_20 -> City_2 -> City_18 -> City_5 -> City_1 -> City_17 -> City_6 -> City_4 -> City_13 -> City_19 -> City_3 -> City_8 -> City_14 -> City_9 -> City_12 -> City_10 -> City_16 -> City_11 -> City_15 -> City_7
610,462.2958204991451,462.2958204991451,City_20 -> City_2 -> City_18 -> City_5 -> City_1 -> City_17 -> City_6 -> City_4 -> City_13 -> City_19 -> City_3 -> City_8 -> City_14 -> City_9 -> City_12 -> City_10 -> City_16 -> City_11 -> City_15 -> City_7
615,462.2958204991451,462.2958204991451,City_20 -> City_2 -> City_18 -> City_5 -> City_1 -> City_17 -> City_6 -> City_4 -> City_13 -> City_19 -> City_3 -> City_8 -> City_14 -> City_9 -> City_12 -> City_10 -> City_16 -> City_11 -> City_15 -> City_7
620,462.2958204991451,462.2958204991451,City_20 -> City_2 -> City_18 -> City_5 -> City_1 -> City_17 -> City_6 -> City_4 -> City_13 -> City_19 -> City_3 -> City_8 -> City_14 -> City_9 -> City_12 -> City_10 -> City_16 -> City_11 -> City_15 -> City_7
625,462.2958204991451,462.2958204991451,City_20 -> City_2 -> City_18 -> City_5 -> City_1 -> City_17 -> City_6 -> City_4 -> City_13 -> City_19 -> City_3 -> City_8 -> City_14 -> City_9 -> City_12 -> City_10 -> City_16 -> City_11 -> City_15 -> City_7
630,462.2958204991451,462.2958204991451,City_20 -> City_2 -> City_18 -> City_5 -> City_1 -> City_17 -> City_6 -> City_4 -> City_13 -> City_19 -> City_3 -> City_8 -> City_14 -> City_9 -> City_12 -> City_10 -> City_16 -> City_11 -> City_15 -> City_7
635,462.2958204991451,462.2958204991451,City_20 -> City_2 -> City_18 -> City_5 -> City_1 -> City_17 -> City_6 -> City_4 -> City_13 -> City_19 -> City_3 -> City_8 -> City_14 -> City_9 -> City_12 -> City_10 -> City_16 -> City_11 -> City_15 -> City_7
640,462.2958204991451,462.2958204991451,City_20 -> City_2 -> City_18 -> City_5 -> City_1 -> City_17 -> City_6 -> City_4 -> City_13 -> City_19 -> City_3 -> City_8 -> City_14 -> City_9 -> City_12 -> City_10 -> City_16 -> City_11 -> City_15 -> City_7
645,462.2958204991451,462.2958204991451,City_20 -> City_2 -> City_18 -> City_5 -> City_1 -> City_17 -> City_6 -> City_4 -> City_13 -> City_19 -> City_3 -> City_8 -> City_14 -> City_9 -> City_12 -> City_10 -> City_16 -> City_11 -> City_15 -> City_7
650,462.2958204991451,462.2958204991451,City_20 -> City_2 -> City_18 -> City_5 -> City_1 -> City_17 -> City_6 -> City_4 -> City_13 -> City_19 -> City_3 -> City_8 -> City_14 -> City_9 -> City_12 -> City_10 -> City_16 -> City_11 -> City_15 -> City_7
655,462.2958204991451,462.2958204991451,City_20 -> City_2 -> City_18 -> City_5 -> City_1 -> City_17 -> City_6 -> City_4 -> City_13 -> City_19 -> City_3 -> City_8 -> City_14 -> City_9 -> City_12 -> City_10 -> City_16 -> City_11 -> City_15 -> City_7
660,462.2958204991451,462.2958204991451,City_20 -> City_2 -> City_18 -> City_5 -> City_1 -> City_17 -> City_6 -> City_4 -> City_13 -> City_19 -> City_3 -> City_8 -> City_14 -> City_9 -> City_12 -> City_10 -> City_16 -> City_11 -> City_15 -> City_7
665,462.2958204991451,462.2958204991451,City_20 -> City_2 -> City_18 -> City_5 -> City_1 -> City_17 -> City_6 -> City_4 -> City_13 -> City_19 -> City_3 -> City_8 -> City_14 -> City_9 -> City_12 -> City_10 -> City_16 -> City_11 -> City_15 -> City_7
670,462.2958204991451,462.2958204991451,City_20 -> City_2 -> City_18 -> City_5 -> City_1 -> City_17 -> City_6 -> City_4 -> City_13 -> City_19 -> City_3 -> City_8 -> City_14 -> City_9 -> City_12 -> City_10 -> City_16 -> City_11 -> City_15 -> City_7
675,462.2958204991451,462.2958204991451,City_20 -> City_2 -> City_18 -> City_5 -> City_1 -> City_17 -> City_6 -> City_4 -> City_13 -> City_19 -> City_3 -> City_8 -> City_14 -> City_9 -> City_12 -> City_10 -> City_16 -> City_11 -> City_15 -> City_7
680,462.2958204991451,462.2958204991451,City_20 -> City_2 -> City_18 -> City_5 -> City_1 -> City_17 -> City_6 -> City_4 -> City_13 -> City_19 -> City_3 -> City_8 -> City_14 -> City_9 -> City_12 -> City_10 -> City_16 -> City_11 -> City_15 -> City_7
685,462.2958204991451,462.2958204991451,City_20 -> City_2 -> City_18 -> City_5 -> City_1 -> City_17 -> City_6 -> City_4 -> City_13 -> City_19 -> City_3 -> City_8 -> City_14 -> City_9 -> City_12 -> City_10 -> City_16 -> City_11 -> City_15 -> City_7
690,462.2958204991451,462.2958204991451,City_20 -> City_2 -> City_18 -> City_5 -> City_1 -> City_17 -> City_6 -> City_4 -> City_13 -> City_19 -> City_3 -> City_8 -> City_14 -> City_9 -> City_12 -> City_10 -> City_16 -> City_11 -> City_15 -> City_7
695,462.2958204991451,462.2958204991451,City_20 -> City_2 -> City_18 -> City_5 -> City_1 -> City_17 -> City_6 -> City_4 -> City_13 -> City_19 -> City_3 -> City_8 -> City_14 -> City_9 -> City_12 -> City_10 -> City_16 -> City_11 -> City_15 -> City_7
700,462.2958204991451,462.2958204991451,City_20 -> City_2 -> City_18 -> City_5 -> City_1 -> City_17 -> City_6 -> City_4 -> City_13 -> City_19 -> City_3 -> City_8 -> City_14 -> City_9 -> City_12 -> City_10 -> City_16 -> City_11 -> City_15 -> City_7
705,462.2958204991451,462.2958204991451,City_20 -> City_2 -> City_18 -> City_5 -> City_1 -> City_17 -> City_6 -> City_4 -> City_13 -> City_19 -> City_3 -> City_8 -> City_14 -> City_9 -> City_12 -> City_10 -> City_16 -> City_11 -> City_15 -> City_7
710,462.2958204991451,462.2958204991451,City_20 -> City_2 -> City_18 -> City_5 -> City_1 -> City_17 -> City_6 -> City_4 -> City_13 -> City_19 -> City_3 -> City_8 -> City_14 -> City_9 -> City_12 -> City_10 -> City_16 -> City_11 -> City_15 -> City_7
715,462.2958204991451,462.2958204991451,City_20 -> City_2 -> City_18 -> City_5 -> City_1 -> City_17 -> City_6 -> City_4 -> City_13 -> City_19 -> City_3 -> City_8 -> City_14 -> City_9 -> City_12 -> City_10 -> City_16 -> City_11 -> City_15 -> City_7
720,462.2958204991451,462.2958204991451,City_20 -> City_2 -> City_18 -> City_5 -> City_1 -> City_17 -> City_6 -> City_4 -> City_13 -> City_19 -> City_3 -> City_8 -> City_14 -> City_9 -> City_12 -> City_10 -> City_16 -> City_11 -> City_15 -> City_7
725,462.2958204991451,462.2958204991451,City_20 -> City_2 -> City_18 -> City_5 -> City_1 -> City_17 -> City_6 -> City_4 -> City_13 -> City_19 -> City_3 -> City_8 -> City_14 -> City_9 -> City_12 -> City_10 -> City_16 -> City_11 -> City_15 -> City_7
730,462.2958204991451,462.2958204991451,City_20 -> City_2 -> City_18 -> City_5 -> City_1 -> City_17 -> City_6 -> City_4 -> City_13 -> City_19 -> City_3 -> City_8 -> City_14 -> City_9 -> City_12 -> City_10 -> City_16 -> City_11 -> City_15 -> City_7
735,462.2958204991451,462.2958204991451,City_20 -> City_2 -> City_18 -> City_5 -> City_1 -> City_17 -> City_6 -> City_4 -> City_13 -> City_19 -> City_3 -> City_8 -> City_14 -> City_9 -> City_12 -> City_10 -> City_16 -> City_11 -> City_15 -> City_7
740,462.2958204991451,462.2958204991451,City_20 -> City_2 -> City_18 -> City_5 -> City_1 -> City_17 -> City_6 -> City_4 -> City_13 -> City_19 -> City_3 -> City_8 -> City_14 -> City_9 -> City_12 -> City_10 -> City_16 -> City_11 -> City_15 -> City_7
745,462.2958204991451,462.2958204991451,City_20 -> City_2 -> City_18 -> City_5 -> City_1 -> City_17 -> City_6 -> City_4 -> City_13 -> City_19 -> City_3 -> City_8 -> City_14 -> City_9 -> City_12 -> City_10 -> City_16 -> City_11 -> City_15 -> City_7
750,462.2958204991451,462.2958204991451,City_20 -> City_2 -> City_18 -> City_5 -> City_1 -> City_17 -> City_6 -> City_4 -> City_13 -> City_19 -> City_3 -> City_8 -> City_14 -> City_9 -> City_12 -> City_10 -> City_16 -> City_11 -> City_15 -> City_7
755,462.2958204991451,462.2958204991451,City_20 -> City_2 -> City_18 -> City_5 -> City_1 -> City_17 -> City_6 -> City_4 -> City_13 -> City_19 -> City_3 -> City_8 -> City_14 -> City_9 -> City_12 -> City_10 -> City_16 -> City_11 -> City_15 -> City_7
760,462.2958204991451,462.2958204991451,City_20 -> City_2 -> City_18 -> City_5 -> City_1 -> City_17 -> City_6 -> City_4 -> City_13 -> City_19 -> City_3 -> City_8 -> City_14 -> City_9 -> City_12 -> City_10 -> City_16 -> City_11 -> City_15 -> City_7
765,462.2958204991451,462.2958204991451,City_20 -> City_2 -> City_18 -> City_5 -> City_1 -> City_17 -> City_6 -> City_4 -> City_13 -> City_19 -> City_3 -> City_8 -> City_14 -> City_9 -> City_12 -> City_10 -> City_16 -> City_11 -> City_15 -> City_7
770,462.2958204991451,462.2958204991451,City_20 -> City_2 -> City_18 -> City_5 -> City_1 -> City_17 -> City_6 -> City_4 -> City_13 -> City_19 -> City_3 -> City_8 -> City_14 -> City_9 -> City_12 -> City_10 -> City_16 -> City_11 -> City_15 -> City_7
775,462.2958204991451,462.2958204991451,City_20 -> City_2 -> City_18 -> City_5 -> City_1 -> City_17 -> City_6 -> City_4 -> City_13 -> City_19 -> City_3 -> City_8 -> City_14 -> City_9 -> City_12 -> City_10 -> City_16 -> City_11 -> City_15 -> City_7
780,462.2958204991451,462.2958204991451,City_20 -> City_2 -> City_18 -> City_5 -> City_1 -> City_17 -> City_6 -> City_4 -> City_13 -> City_19 -> City_3 -> City_8 -> City_14 -> City_9 -> City_12 -> City_10 -> City_16 -> City_11 -> City_15 -> City_7
785,462.2958204991451,462.2958204991451,City_20 -> City_2 -> City_18 -> City_5 -> City_1 -> City_17 -> City_6 -> City_4 -> City_13 -> City_19 -> City_3 -> City_8 -> City_14 -> City_9 -> City_12 -> City_10 -> City_16 -> City_11 -> City_15 -> City_7
790,462.2958204991451,462.2958204991451,City_20 -> City_2 -> City_18 -> City_5 -> City_1 -> City_17 -> City_6 -> City_4 -> City_13 -> City_19 -> City_3 -> City_8 -> City_14 -> City_9 -> City_12 -> City_10 -> City_16 -> City_11 -> City_15 -> City_7
795,462.2958204991451,462.2958204991451,City_20 -> City_2 -> City_18 -> City_5 -> City_1 -> City_17 -> City_6 -> City_4 -> City_13 -> City_19 -> City_3 -> City_8 -> City_14 -> City_9 -> City_12 -> City_10 -> City_16 -> City_11 -> City_15 -> City_7
800,462.2958204991451,462.2958204991451,City_20 -> City_2 -> City_18 -> City_5 -> City_1 -> City_17 -> City_6 -> City_4 -> City_13 -> City_19 -> City_3 -> City_8 -> City_14 -> City_9 -> City_12 -> City_10 -> City_16 -> City_11 -> City_15 -> City_7
805,462.2958204991451,462.2958204991451,City_20 -> City_2 -> City_18 -> City_5 -> City_1 -> City_17 -> City_6 -> City_4 -> City_13 -> City_19 -> City_3 -> City_8 -> City_14 -> City_9 -> City_12 -> City_10 -> City_16 -> City_11 -> City_15 -> City_7
810,462.2958204991451,462.2958204991451,City_20 -> City_2 -> City_18 -> City_5 -> City_1 -> City_17 -> City_6 -> City_4 -> City_13 -> City_19 -> City_3 -> City_8 -> City_14 -> City_9 -> City_12 -> City_10 -> City_16 -> City_11 -> City_15 -> City_7
815,462.2958204991451,462.2958204991451,City_20 -> City_2 -> City_18 -> City_5 -> City_1 -> City_17 -> City_6 -> City_4 -> City_13 -> City_19 -> City_3 -> City_8 -> City_14 -> City_9 -> City_12 -> City_10 -> City_16 -> City_11 -> City_15 -> City_7
820,462.2958204991451,462.2958204991451,City_20 -> City_2 -> City_18 -> City_5 -> City_1 -> City_17 -> City_6 -> City_4 -> City_13 -> City_19 -> City_3 -> City_8 -> City_14 -> City_9 -> City_12 -> City_10 -> City_16 -> City_11 -> City_15 -> City_7
825,462.2958204991451,462.2958204991451,City_20 -> City_2 -> City_18 -> City_5 -> City_1 -> City_17 -> City_6 -> City_4 -> City_13 -> City_19 -> City_3 -> City_8 -> City_14 -> City_9 -> City_12 -> City_10 -> City_16 -> City_11 -> City_15 -> City_7
830,462.2958204991451,462.2958204991451,City_20 -> City_2 -> City_18 -> City_5 -> City_1 -> City_17 -> City_6 -> City_4 -> City_13 -> City_19 -> City_3 -> City_8 -> City_14 -> City_9 -> City_12 -> City_10 -> City_16 -> City_11 -> City_15 -> City_7
835,462.2958204991451,462.2958204991451,City_20 -> City_2 -> City_18 -> City_5 -> City_1 -> City_17 -> City_6 -> City_4 -> City_13 -> City_19 -> City_3 -> City_8 -> City_14 -> City_9 -> City_12 -> City_10 -> City_16 -> City_11 -> City_15 -> City_7
840,462.2958204991451,462.2958204991451,City_20 -> City_2 -> City_18 -> City_5 -> City_1 -> City_17 -> City_6 -> City_4 -> City_13 -> City_19 -> City_3 -> City_8 -> City_14 -> City_9 -> City_12 -> City_10 -> City_16 -> City_11 -> City_15 -> City_7
845,462.2958204991451,462.2958204991451,City_20 -> City_2 -> City_18 -> City_5 -> City_1 -> City_17 -> City_6 -> City_4 -> City_13 -> City_19 -> City_3 -> City_8 -> City_14 -> City_9 -> City_12 -> City_10 -> City_16 -> City_11 -> City_15 -> City_7
850,462.2958204991451,462.2958204991451,City_20 -> City_2 -> City_18 -> City_5 -> City_1 -> City_17 -> City_6 -> City_4 -> City_13 -> City_19 -> City_3 -> City_8 -> City_14 -> City_9 -> City_12 -> City_10 -> City_16 -> City_11 -> City_15 -> City_7
855,462.2958204991451,462.2958204991451,City_20 -> City_2 -> City_18 -> City_5 -> City_1 -> City_17 -> City_6 -> City_4 -> City_13 -> City_19 -> City_3 -> City_8 -> City_14 -> City_9 -> City_12 -> City_10 -> City_16 -> City_11 -> City_15 -> City_7
860,462.2958204991451,462.2958204991451,City_20 -> City_2 -> City_18 -> City_5 -> City_1 -> City_17 -> City_6 -> City_4 -> City_13 -> City_19 -> City_3 -> City_8 -> City_14 -> City_9 -> City_12 -> City_10 -> City_16 -> City_11 -> City_15 -> City_7
865,462.2958204991451,462.2958204991451,City_20 -> City_2 -> City_18 -> City_5 -> City_1 -> City_17 -> City_6 -> City_4 -> City_13 -> City_19 -> City_3 -> City_8 -> City_14 -> City_9 -> City_12 -> City_10 -> City_16 -> City_11 -> City_15 -> City_7
870,462.2958204991451,462.2958204991451,City_20 -> City_2 -> City_18 -> City_5 -> City_1 -> City_17 -> City_6 -> City_4 -> City_13 -> City_19 -> City_3 -> City_8 -> City_14 -> City_9 -> City_12 -> City_10 -> City_16 -> City_11 -> City_15 -> City_7
875,462.2958204991451,462.2958204991451,City_20 -> City_2 -> City_18 -> City_5 -> City_1 -> City_17 -> City_6 -> City_4 -> City_13 -> City_19 -> City_3 -> City_8 -> City_14 -> City_9 -> City_12 -> City_10 -> City_16 -> City_11 -> City_15 -> City_7
880,462.2958204991451,462.2958204991451,City_20 -> City_2 -> City_18 -> City_5 -> City_1 -> City_17 -> City_6 -> City_4 -> City_13 -> City_19 -> City_3 -> City_8 -> City_14 -> City_9 -> City_12 -> City_10 -> City_16 -> City_11 -> City_15 -> City_7
885,462.2958204991451,462.2958204991451,City_20 -> City_2 -> City_18 -> City_5 -> City_1 -> City_17 -> City_6 -> City_4 -> City_13 -> City_19 -> City_3 -> City_8 -> City_14 -> City_9 -> City_12 -> City_10 -> City_16 -> City_11 -> City_15 -> City_7
890,462.2958204991451,462.2958204991451,City_20 -> City_2 -> City_18 -> City_5 -> City_1 -> City_17 -> City_6 -> City_4 -> City_13 -> City_19 -> City_3 -> City_8 -> City_14 -> City_9 -> City_12 -> City_10 -> City_16 -> City_11 -> City_15 -> City_7
895,462.2958204991451,462.2958204991451,City_20 -> City_2 -> City_18 -> City_5 -> City_1 -> City_17 -> City_6 -> City_4 -> City_13 -> City_19 -> City_3 -> City_8 -> City_14 -> City_9 -> City_12 -> City_10 -> City_16 -> City_11 -> City_15 -> City_7
900,462.2958204991451,462.2958204991451,City_20 -> City_2 -> City_18 -> City_5 -> City_1 -> City_17 -> City_6 -> City_4 -> City_13 -> City_19 -> City_3 -> City_8 -> City_14 -> City_9 -> City_12 -> City_10 -> City_16 -> City_11 -> City_15 -> City_7
905,462.2958204991451,462.2958204991451,City_20 -> City_2 -> City_18 -> City_5 -> City_1 -> City_17 -> City_6 -> City_4 -> City_13 -> City_19 -> City_3 -> City_8 -> City_14 -> City_9 -> City_12 -> City_10 -> City_16 -> City_11 -> City_15 -> City_7
910,462.2958204991451,462.2958204991451,City_20 -> City_2 -> City_18 -> City_5 -> City_1 -> City_17 -> City_6 -> City_4 -> City_13 -> City_19 -> City_3 -> City_8 -> City_14 -> City_9 -> City_12 -> City_10 -> City_16 -> City_11 -> City_15 -> City_7
915,462.2958204991451,462.2958204991451,City_20 -> City_2 -> City_18 -> City_5 -> City_1 -> City_17 -> City_6 -> City_4 -> City_13 -> City_19 -> City_3 -> City_8 -> City_14 -> City_9 -> City_12 -> City_10 -> City_16 -> City_11 -> City_15 -> City_7
920,462.2958204991451,462.2958204991451,City_20 -> City_2 -> City_18 -> City_5 -> City_1 -> City_17 -> City_6 -> City_4 -> City_13 -> City_19 -> City_3 -> City_8 -> City_14 -> City_9 -> City_12 -> City_10 -> City_16 -> City_11 -> City_15 -> City_7
925,462.2958204991451,462.2958204991451,City_20 -> City_2 -> City_18 -> City_5 -> City_1 -> City_17 -> City_6 -> City_4 -> City_13 -> City_19 -> City_3 -> City_8 -> City_14 -> City_9 -> City_12 -> City_10 -> City_16 -> City_11 -> City_15 -> City_7
930,462.2958204991451,462.2958204991451,City_20 -> City_2 -> City_18 -> City_5 -> City_1 -> City_17 -> City_6 -> City_4 -> City_13 -> City_19 -> City_3 -> City_8 -> City_14 -> City_9 -> City_12 -> City_10 -> City_16 -> City_11 -> City_15 -> City_7
935,462.2958204991451,462.2958204991451,City_20 -> City_2 -> City_18 -> City_5 -> City_1 -> City_17 -> City_6 -> City_4 -> City_13 -> City_19 -> City_3 -> City_8 -> City_14 -> City_9 -> City_12 -> City_10 -> City_16 -> City_11 -> City_15 -> City_7
940,462.2958204991451,462.2958204991451,City_20 -> City_2 -> City_18 -> City_5 -> City_1 -> City_17 -> City_6 -> City_4 -> City_13 -> City_19 -> City_3 -> City_8 -> City_14 -> City_9 -> City_12 -> City_10 -> City_16 -> City_11 -> City_15 -> City_7
945,462.2958204991451,462.2958204991451,City_20 -> City_2 -> City_18 -> City_5 -> City_1 -> City_17 -> City_6 -> City_4 -> City_13 -> City_19 -> City_3 -> City_8 -> City_14 -> City_9 -> City_12 -> City_10 -> City_16 -> City_11 -> City_15 -> City_7
950,462.2958204991451,462.2958204991451,City_20 -> City_2 -> City_18 -> City_5 -> City_1 -> City_17 -> City_6 -> City_4 -> City_13 -> City_19 -> City_3 -> City_8 -> City_14 -> City_9 -> City_12 -> City_10 -> City_16 -> City_11 -> City_15 -> City_7
955,462.2958204991451,462.2958204991451,City_20 -> City_2 -> City_18 -> City_5 -> City_1 -> City_17 -> City_6 -> City_4 -> City_13 -> City_19 -> City_3 -> City_8 -> City_14 -> City_9 -> City_12 -> City_10 -> City_16 -> City_11 -> City_15 -> City_7
960,462.2958204991451,462.2958204991451,City_20 -> City_2 -> City_18 -> City_5 -> City_1 -> City_17 -> City_6 -> City_4 -> City_13 -> City_19 -> City_3 -> City_8 -> City_14 -> City_9 -> City_12 -> City_10 -> City_16 -> City_11 -> City_15 -> City_7
965,462.2958204991451,462.2958204991451,City_20 -> City_2 -> City_18 -> City_5 -> City_1 -> City_17 -> City_6 -> City_4 -> City_13 -> City_19 -> City_3 -> City_8 -> City_14 -> City_9 -> City_12 -> City_10 -> City_16 -> City_11 -> City_15 -> City_7
970,462.2958204991451,462.2958204991451,City_20 -> City_2 -> City_18 -> City_5 -> City_1 -> City_17 -> City_6 -> City_4 -> City_13 -> City_19 -> City_3 -> City_8 -> City_14 -> City_9 -> City_12 -> City_10 -> City_16 -> City_11 -> City_15 -> City_7
975,462.2958204991451,462.2958204991451,City_20 -> City_2 -> City_18 -> City_5 -> City_1 -> City_17 -> City_6 -> City_4 -> City_13 -> City_19 -> City_3 -> City_8 -> City_14 -> City_9 -> City_12 -> City_10 -> City_16 -> City_11 -> City_15 -> City_7
980,462.2958204991451,462.2958204991451,City_20 -> City_2 -> City_18 -> City_5 -> City_1 -> City_17 -> City_6 -> City_4 -> City_13 -> City_19 -> City_3 -> City_8 -> City_14 -> City_9 -> City_12 -> City_10 -> City_16 -> City_11 -> City_15 -> City_7
985,462.2958204991451,462.2958204991451,City_20 -> City_2 -> City_18 -> City_5 -> City_1 -> City_17 -> City_6 -> City_4 -> City_13 -> City_19 -> City_3 -> City_8 -> City_14 -> City_9 -> City_12 -> City_10 -> City_16 -> City_11 -> City_15 -> City_7
990,462.2958204991451,462.2958204991451,City_20 -> City_2 -> City_18 -> City_5 -> City_1 -> City_17 -> City_6 -> City_4 -> City_13 -> City_19 -> City_3 -> City_8 -> City_14 -> City_9 -> City_12 -> City_10 -> City_16 -> City_11 -> City_15 -> City_7
995,462.2958204991451,462.2958204991451,City_20 -> City_2 -> City_18 -> City_5 -> City_1 -> City_17 -> City_6 -> City_4 -> City_13 -> City_19 -> City_3 -> City_8 -> City_14 -> City_9 -> City_12 -> City_10 -> City_16 -> City_11 -> City_15 -> City_7
1000,462.2958204991451,462.2958204991451,City_20 -> City_2 -> City_18 -> City_5 -> City_1 -> City_17 -> City_6 -> City_4 -> City_13 -> City_19 -> City_3 -> City_8 -> City_14 -> City_9 -> City_12 -> City_10 -> City_16 -> City_11 -> City_15 -> City_7
